{"cameraMode":{"drawMode":0,"name":"Shaded","section":"Shading Mode"},"sceneLighting":false,"audioPlay":false,"sceneViewState":{"showFog":true,"showMaterialUpdate":false,"showSkybox":false,"showFlares":true,"showImageEffects":true,"showParticleSystems":true},"in2DMode":false,"pivot":{"x":-0.2367086410522461,"y":3.997718334197998,"z":0.43289661407470705},"rotation":{"x":-0.010077687911689282,"y":0.9855515360832214,"z":0.06335052847862244,"w":0.15682631731033326},"size":8.404353141784668,"orthographic":false}