{"cameraMode":{"drawMode":0,"name":"Shaded","section":"Shading Mode"},"sceneLighting":false,"audioPlay":false,"sceneViewState":{"showFog":true,"showMaterialUpdate":false,"showSkybox":false,"showFlares":true,"showImageEffects":true,"showParticleSystems":true},"in2DMode":false,"pivot":{"x":-0.9103851318359375,"y":24.81157684326172,"z":-0.046909332275390628},"rotation":{"x":0.20979277789592744,"y":-0.25358089804649355,"z":0.056438736617565158,"w":0.9426036477088928},"size":49.182403564453128,"orthographic":false}