{"cameraMode":{"drawMode":0,"name":"Shaded","section":"Shading Mode"},"sceneLighting":false,"audioPlay":false,"sceneViewState":{"showFog":true,"showMaterialUpdate":false,"showSkybox":false,"showFlares":true,"showImageEffects":true,"showParticleSystems":true},"in2DMode":false,"pivot":{"x":-0.2367086410522461,"y":3.997718334197998,"z":0.43289661407470705},"rotation":{"x":-0.13728012144565583,"y":-0.3737700283527374,"z":0.05600994452834129,"w":-0.9156311750411987},"size":8.404353141784668,"orthographic":false}