{"cameraMode":{"drawMode":0,"name":"Shaded","section":"Shading Mode"},"sceneLighting":false,"audioPlay":false,"sceneViewState":{"showFog":true,"showMaterialUpdate":false,"showSkybox":false,"showFlares":true,"showImageEffects":true,"showParticleSystems":true},"in2DMode":false,"pivot":{"x":-0.9103851318359375,"y":24.81157684326172,"z":-0.046909332275390628},"rotation":{"x":-0.13728012144565583,"y":-0.3737700283527374,"z":0.05600994452834129,"w":-0.9156311750411987},"size":49.182403564453128,"orthographic":false}